autor,titulo,universidad,director,año,país,género,misc
"GOUVEIA, Saulo",Brazilian Modemism: A Discourse of Unity and Suppression,Illinois,Sousa,2006,Brazil,Multigeneric,NA
"BRUZUAL, Alejandro","Narrativas contaminadas Tres novelas latinoamericanas: El tungsteno, Parque industrial y Cubagua",Pittsburgh,Martin / Beverley,2006,Brazil,Multigeneric,NA
"ALVORD, Scott Mark",Spanish Intona- tion in Contact: The Case of Miami Cuban Bilinguals,Minnesota,Klee / Face,2006,Linguistics,Spanish,Múltiple Areas
"GRAU-SEMPERE, Antonio",Conflicting Quantity Pattems in Ibero-Romance Prosody,Texas,Hensey,2006,Linguistics,MULTIPLE LANGUAGE LIN- GUISTICS,NA
"GUBTOSI, Patricia Claudia",La expresión de la pasividad en el discurso hispano en California y Nuevo México 1855-1950,Houston,Gutiérrez,2006,Linguistics,Spanish,Múltiple Areas
"KLUGER, Luisa",Ser y estar en el español sefardí: Un enfoque sociolingüístico his­tórico,Houston,Gutiérrez,2006,Linguistics,Spanish,Múltiple Areas
"SAIZ, Marina","Does L2 Word Decoding Imply L2 Meaning Activation? Relation- ships Among Decoding, Meaning Identifi­cation, and L2 Oral Language Proficiency in Reading Spanish as a Second Language",Pittsburgh,DeKeyser / Koda,2006,Linguistics,Spanish,Applied / Pedagogical
"SCHMEISER, Benjamin S",On the Durational Variability of Svarabhakti Vowels in Spanish Consonant Clusters,"California, Davis",Bradley,2006,Linguistics,Spanish,Phonology
"BUGEL, Talia",A Macro- and Micro- Sociolinguistic Study of Language Atti- tudes and Language Contact: Mercosur and the Teaching of Spanish in Brazil,Illinois,Escobar,2006,Linguistics Spanish Linguistics,Múltiple Languages,Múltiple Areas
"CHIN, Hsien-Jen (Diana)",Cross- Linguistic Effects on L2 Acquisition: An Investigation of Aspect,Illinois,Montrul,2006,Linguistics Spanish Linguistics,Spanish,Múltiple Areas
"FOOTE, Rebecca, K",A Psycholinguistic Investigation of Agreement in Spanish and English Monolinguals and Bilinguals,Illinois,Montrul,2006,Linguistics Spanish Linguistics,Spanish,Múltiple Areas
"MARTINEZ MIRA, María Isabel",Mood Simplifícation: Adverbial Clauses in Heritage Spanish,Illinois,Escobar,2006,Linguistics Spanish Linguistics,Spanish,Múltiple Areas
"SIMON, Robert Louis Dempsey",An Iber- ian Search: A Comparative Study of Sufí Mysticism’s Presence in the Postmodem Poetry of Clara Janés and Joaquim Pessoa,Texas,Hollaway,2006,Multi-Regional,Novel / Short Story,NA
" BORDEN, Matthew Lloyd",Dysfunc- tional Families in Calderón’s Wife- Murder Tragedies,Texas,Reed,2006,Spain,Drama,NA
"BIRD, David W",Political Roads Untraveled: Tum of the Century Regional Discourses and the Modem Constitution of Spanish National Identity,Kentucky,Larson,2006,Spain,Essay,NA
"CANNERELLI-PECK, Anjela","Caving Subjects, Wonderful Monsters: Convivencia after 1492",Emory,Carrión,2006,Spain,Multigeneric,NA
"CÍVICO-LYONS, Imaculada Concepción",The Construction of Male Subjectivity by Four Contemporary Spanish Women Writers,Texas,Higginbotham,2006,Spain,Novel / Short Story,NA
"HEIL, Katrina Marie",Modem Tragedy in the Absence of God: An Analysis of Una- muno and Buero Vallejo,Texas,Holloway,2006,Spain,Multigeneric,NA
"JEREZ-GÓMEZ, Jesús David",Orality and Oralization within the Literary and Social Panorama of the Golden Age,"California, Davis",Martín,2006,Spain,Novel / Short Story,NA
"LADNER, Erik Christopher",The Limits of Posibilismo: the Censors and Antonio Buero Vallejo,Texas,Holloway,2006,Spain,Drama,NA
"MARSH, Eleanor G",La pregonera divina: Tradición medieval y estrategia persuasiva en La vida de la Venerable Madre Isabel de Jesús,"California, Davis",Martín,2006,Spain,Multigeneric,NA
"OCHOA, Debra Joanne",La Chica Rara: Witness to Transgression in the Fiction of Spanish Women Writers 1958-2003,Texas,Higginbotham,2006,Spain,Novel / Short Story,NA
"PÉREZ-BOLUDA, Adrián",Rimas humanas y divinas del Licenciado Tome de Burguillos. Una lectura erótica,"Califor­nia, Davis",Martin,2006,Spain,Novel / Short Story,NA
"PRADO, Antonio","Escritoras anarco- femininas en la revista Blanca (AS­IOOS /1923-1936): Matrimonio, familiay estado",Illinois,Delgado,2006,Spain,Multigeneric,NA
"STOVALL, Holly",The Non-Referential Novel: Ana María Moix and the Gauche Divine,CUNY Gradúate Center,Sherzer,2006,Spain,Novel / Short Story,NA
"VIVALDA, Nicolás",Refiguraciones del valor de la experiencia en el siglo XVII español: Apuntes desde la modernidad de una episteme alternativa,Pittsburgh,Beverley / Herlinghaus,2006,Spain,Poetry,NA
"WORLEY, Robert Donald",The Kingdom of Spain as an Allegory of Christ’s King­dom in Five Autos by Calderón,Texas,Zimic,2006,Spain,Drama,NA
"BENÍTEZ-MORALES, Carmen",De la historia a la ficción: La República Dominicana en la narrativa breve de José Alcántara Almánzar,Rutgers,Narváez,2006,Spanish America,Novel / Short Story,NA
"C ANTU, Irma Leticia",La escritura de viaje desde la perspectiva latinoamericana: Octavio Paz y el caso mexicano,Texas,Fierro,2006,Spanish America,Novel / Short Story,NA
"FERNÁNDEZ, Renata","Dependence, Independence and Death:	Toward a Psychobiography of Delmira Agustini",Kentucky,Carvalho,2006,Spanish America,Novel / Short Story,NA
"HARRIS, Amanda Nolacea",From the Movement to the Post-Movement: Re- thinking Anti-Hegemonic Discourses in Chicana FeministThought,Illinois,Sousa and Castillo,2006,Spanish America,Multi-Generic,NA
"KELTON, Kevin",Priestly Figurations: The “Privileged Other” in the Twentieth- Century Latin-American Novel,Rutgers,Sifuentes-Jáuregu,2006,Spanish America,Novel / Short Story,NA
"KRESSNER, Ilka",Stages of Disquiet: Evocations of Space in Latin-American Short Fiction and Its Cinematographic Transformation,Virginia,Pellón,2006,Spanish America,Multigeneric,NA
"MUNIZ, María Gabriela",Restos inmor­tales: Literatura forense en el Cono Sur,"California, Davis",Larsen,2006,Spanish America,Historiography,NA
"NARVÁEZ-LUNA, Elizabeth",Materia memorable: Hacia una revisión de la poesía de mujeres en México durante el siglo XIX,Illinois,Wilcox,2006,Spanish America,Poetry,NA
"POFFENBERGER, Abby","The Boom of Mexican Indigenous Literature: Resis- tance, Reaffirmation and Revisión",Kentucky,Carvalho,2006,Spanish America,Novel / Short Story,NA
"RIVAS, Sara María","Edgardo Rodríguez Julia: Peregrinaciones, héroes y tumbas en la formación de la nación puertorriqueña",Illinois,Goldman,2006,Spanish America,Other,NA
"RODRÍGUEZ-RAMÍREZ, Rene",El cuerpo nacional o lo nacional en el cuerpo: El performance identitario en la narrativa contemporánea puertorriqueña,Rutgers,Sifuentes-Jáuregui,2006,Spanish America,Multigeneric,NA
"SÁNCHEZ RONDÓN, Julio César",Poética de lo soez. Luis Rafael Sánchez: Identidad y cultura en América Latina y el Caribe,Nebraska,Turner,2006,Spanish America,Multigeneric,NA
"WERTH, Brenda G",Dramatic Interventions: Performance and Memory Politics in Contemporary Argentine Theatre (1983-2005),Rutgers,Stevens / Zatlin,2006,Spanish America,Multigeneric,NA
"WILSON, Timothy",Rocking the Regime: The Role of Argentine Rock Music in a Changing Socio-Political Context (1970­1985),Illinois,Goldman,2006,Spanish America,Other,NA
"ZAVALA, Oswaldo",Literature to Infinity: A Borgesian Genealogy of Contemporary Mexican Narrative,Texas,Fierro,2006,Spanish America,Novel / Short Story,NA
"ZETTLE, Erika Katharina",From Reflexión to Deception: Martín Morúa Delgado’s Narrative Series: Sofía and La Familia Unzuzu,Texas,Salgado,2006,Spanish America,Novel / Short Story,NA
"GONZALEZ DEL POZO, Jorge",Com- promising Art: The Limits of Discourse in Hispanic Narrative and Film (1980­2005),Kentucky,Rueda,2006,Trans-Atlantic,Multigeneric,NA
"MORELLO, Henry James",Masking the Past: Trauma in Latin American and Peninsular Theatre,Illinois,Goldman,2006,Trans-Atlantic,Drama,NA
"PEARCE-GONZALEZ, Bryan",Hybridity and Latino Identity,Kentucky,Santí,2006,United States,Novel / Short Story,NA
"MONTAGUE, Alexandra",Contagious Identities: Literary Responses to the Sanitation and Eugenics Movements in Brazil,Brown,Valente,2007,Brazil,Multigeneric,NA
"SAMALOT-RIVERA, Yamil Antonio",A Camavalização da Fé: O Novo Romance Histórico de Revisitação Colonial e a Releitura das Raízes Religiosas do Brasil,Brown,Valente,2007,Brazil,Multigeneric,NA
"ERNST, Kirsten Marie","Rios, pontes e overdrives: Northeastem Regionalism in a Globalized Brazil","California, Berkeley",Slater,2007,Brazil,Other,NA
"RIBEIRO, Marilia Scaff Rocha",Intímate Geographies: Space and Experience in Contemporary Brazilian Literature,Brown,Vieira,2007,Brazil,Novel / Short Story,NA
"SMITH, Steven Keith","Palcos Políticos: Activist Theater in Contemporary São Paulo, Brazil",Wisconsin,Albuquerque,2007,Brazil,Drama,NA
"ALEXANDER, David B",The Spanish Postnominal Demonstrative in Synchrony and Diachrony,Ohio State,Wanner,2007,Linguistics,Spanish,Synchronic
"AMARAL, Luiz Alexandre",Designing Intelligent Language Tutoring Systems for Integration into Foreign Language Instruction,Ohio State,Grinstead/Meurers,2007,Linguistics,Spanish,Second Language Acquisition
"ANRRICH, Graciela M",Substitutions for English Consonants by Adult Speakers of Cuban Spanish,Georgetown,Guitart,2007,Linguistics,Spanish,Múltiple Areas
"CHEN, Yudong",A Comparison of Span­ish Produced by Chinese L2 Leamers and Native Speakers. An Acoustic Phonetics Approach,Illinois,Hualde,2007,Linguistics,Spanish,Múltiple Areas
"FILE-MURIEL, Richard","The Role of Lexical Frequency and Phonetic Context in the Weakening of Syllable-Final Lexical /S/ in the Spanish of Barranquilla, Colombia",Indiana,Clements,2007,Linguistics,Spanish,Phonology
"GARCÍA, Nicole",South Meets North: Language Contact Phenomena in the Fargo Area,Temple,Holmquist,2007,Linguistics,Spanish,Múltiple Areas
"HSIEH, Hui-Chen","Input-Based Practice, Feedback, Awareness and L2 Develop-ment through a Computerized Task",Georgetown,Leow,2007,Linguistics,Spanish,Other
"HU, Hsiao-Ping","Spanish-Chinese Bilin- gualism in Guayaquil, Ecuador",Temple,Holmquist,2007,Linguistics,MULTIPLE LANGUAGE LIN- GUISTICS,NA
"LEE, Su Ar",Absolute Interrogative Intonations in Buenos Aires Spanish,Ohio State,Martínez-Gil,2007,Linguistics,Spanish,Theoretical
"LENK, Sonia",Can Minority Languages Survive in a Situation of Sustained Bilingualism? Ethnolinguistic Vitality and Language Behavior Among Indigenous Speakers of Quichua in Ecuador,Pittsburgh,DeKeyser,2007,Linguistics,Quichua,NA
"MORENO, Nina",The Effects of Type of Task and Type of Feedback on L2 Development in CALL,Georgetown,Leow,2007,Linguistics,Spanish,Applied / Pedagogical
"MORGAN-SHORT, Kara",A Neurolin- guistic Investigation of Late-Leamed Second Language: Effects of Explicit and Implicit Conditions,Georgetown,Sanz / Steinhauer / Ullman,2007,Linguistics,Spanish,Applied / Pedagogical
"RAO, Rajiv G",Issues in the Phrasing of Barcelona Spanish,"California, Davis",Bradley,2007,Linguistics,Spanish,Phonology
"RODRÍGUEZ, Ángelo Javier",The Role of Early Alignment in Broad/Narrow Focus Declaratives in Buenos Aires Spanish,"California, Davis",Bradley,2007,Linguistics,Spanish,Phonology
"ROJAS-PRIMUS, Constanza",Lengua ri­tual y sincretismo: Dinámicas de hibridez en el discurso mágico-religioso Palo Monte-Mayombe,Alberta,Ruétalo / Lang,2007,Linguistics,MULTIPLE LANGUAGE LIN- GUISTICS,NA
"ROSAS-MAYÉN, Norma",Afro-Hispanic Linguistic Remnants in México: The Case of the Costa Chica Región of Oaxaca,Purdue,Hammond,2007,Linguistics,Spanish,Múltiple Areas
"SÁNCHEZ MUÑOZ, Ana",Register and Style Variation in Speakers of Spanish as a Heritage and as a Second Language,Southern California,Silva-Corvalán,2007,Linguistics,Spanish,Sociolinguistics
"SHENK, Elaine Marie",The Economies of Language Choice: Where Theory and Practice Meet,Iowa,Niño-Murcia,2007,Linguistics,Spanish,Sociolinguistics
"STANFORD, James",Dialect Contact and Identity: A Case Study of Exogamous Sui Clans,Michigan State,Preston,2007,Linguistics,Spanish,Sociolinguistics
"SWANSON, Amy Phyllis",Semantic Ambiguity in the Lexical Access of Verbs: How Data from Monolinguals and Bilinguals Inform a General Model of the Mental Lexicón,Illinois,Dussias,2007,Linguistics,Spanish,Múltiple Areas
"VALENTÍN-MÁRQUEZ, Wilfredo",Doing Being Boricua:	Perceptions of National Identity and the Sociolinguistic Distribution of Liquid Variables in Puerto Rican Spanish,Michigan,Satterfield,2007,Linguistics,Spanish,Sociolinguistics
"CABRERA-PUCHE, María J",Nuil Subject Pattems in Language Contact: The Case of Dominican Spanish,Rutgers,Sánchez,2007,Linguistics Spanish Linguistics,Spanish,Second Language Acquisition
"MARQUES, Laura",The Effect of Study Abroad on the Acquisition of Word Order with Intransitive Verbs in L2 Spanish,"California, Davis",Blake,2007,Linguistics Spanish Linguistics,Spanish,Second Language Acquisition
"MINOR, Denise","“En la escuela, you have to speak Spanish ” Language Choices and Their Effect upon L2 Pro- ficiency in a Spanish Immersion Class- room","California, Davis",Colombi,2007,Linguistics Spanish Linguistics,Spanish,Múltiple Areas
"OLI VER, Julia",Vowel Raising in Puerto Rican Spanish,"Illinois, Chicago",Núñez- Cedeño,2007,Linguistics Spanish Linguistics,Spanish,Múltiple Areas
"PARDO-B ALLESTER, Maria Cristina",The Development of a Web-Based Spanish Listening Placement Exam,"California, Davis",Blake,2007,Linguistics Spanish Linguistics,Spanish,Other
"ZULAICA HERNÁNDEZ, Iker",Demon- strative Pronouns in Spanish: A Discourse- Based Study,Ohio State,Gutiérrez Rexach,2007,Linguistics Spanish Linguistics,Spanish,Theoretical
"AMARAL, Patricia Matos",The Meaning of Approximative Adverbs: Evidence from European Portuguese,Ohio State,Schwenter,2007,Multi-Regional,Theoretical,NA
"BRADEN, Michael",A Study of Non- mimetic Modes in the Short Fiction of the Hispanic Southern Cone and Brazil,Purdue,Dixon,2007,Multi-Regional,Novel / Short Story,NA
"CUMMINS MUÑOZ, Elizabeth Aline",Writing the Past: Women’s Historical Fiction of Greater México,Houston,Parkinson Zamora,2007,Multi-Regional,Novel/Short Story,NA
"JACOVKIS, Natalia Inés",La novela policial latinoamericana en los tiempos del neoliberalismo,Florida,Barradas,2007,Multi-Regional,Novel / Short Story,NA
"ORTIZ, María Mercedes",Mundos en pugna: Narrativas de frontera en la literatura hispanoamericana y brasileña,Iowa,Barbosa / Willingham,2007,Multi-Regional,Multigeneric,NA
"VERA-ROJAS, Maria Teresa",EI género de las charlas y las charlas del género: ¿De qué hablaban las mujeres puertorriqueñas en Nueva York? Recuperación y análisis de los ensayos-crónicas publicados por Clotilde Betances Jaeger y María Mas Pozo en el semanario Gráfico de Nueva York entre 1929 y 1930,Houston,Kane- llos,2007,Multi-Regional,Multi-Generic,NA
"CRESPO, Natalia María","Parodias al canon nacional en la literatura hispánica contemporánea (1978-2000). Ejemplos de Argentina, España y Colombia",Illinois,Palencia-Roth and Tolliver,2007,NA,Novel / Short Story,NA
" JONES-KELLOG, Rebecca Lynn","Alexan­dre Herculano and the Historical-Gothic Tradition in Portugal: Dark Times, Mad Monks and National Critique in O frontei­ro d’Africa ou très noites aziagas (1838), Eurico o Presbítero (1844), and O Monge de cister (1848)",Wisconsin,Sapega,2007,Portugal,Novel / Short Story,NA
" CHAMBERS, Donna Marie",From within the Birdcage: Societal Revelations in the Plays of Angela de Azevedo,Georgetown,Mujica,2007,Spain,Drama,NA
" PEDRÓS-GASCÓN, Antonio",Diálogos transatlánticos: Un “boom” de ida y vuelta,Ohio State,Amell,2007,Spain,Chronicle,NA
"ALFIEIRI, Amy Pettigrew",Burlas and Burladores in Don Quixote,"California, Davis",Martin,2007,Spain,Novel / Short Story,NA
"ALTAMIRANO,Nicole",TakingBackthe Thread: Revisionist Mythmaking in the Poetry of Spanish Women Writers from the 1920-1940s,"California, Berkely",Bergmann,2007,Spain,Poetry,NA
"BARCENAS, Carmen","La mujer española y la deconstrucción del discurso misógino en Crónica del desamor, La función Delta y Te trataré como a una reina de Rosa Montero",Houston,Solino,2007,Spain,Novel/Short Story,NA
"CASAS, María Lourdes",La novela de quiosco: El eslabón perdido (¿U olvidado?) en la historia cultural y literaria del primer tercio del siglo español De El cuento semanal a La novela mundial,Wisconsin,Blanco,2007,Spain,Novel / Short Story,NA
"DE ABAJO, María Nieves","El ámbito de lo privado: Crisis y transformación en las protagonistas femeninas en Nubosidad variable (CM Gaite), Atlas de geografía humana (A Grandes), Amor, curiosidad,  prozac y dudas (L Etxebarría)",New México,Rivera,2007,Spain,Novel/Short Story,
"DE OURDA, Juan",Representaciones de la violencia en la poesía de la Guerra Civil Española,Missouri,Ugarte,2007,Spain,Poetry,NA
"DE URDA, Juan Antonio",Representa­ciones de la violencia en la poesía de la guerra civil española,Missouri,Ugarte,2007,Spain,Poetry,NA
"DELICADO, Gemma",La prole de Maria Magdalena en la literatura del Siglo de Oro,Chicago,De Armas,2007,Spain,Multigeneric,NA
"FERNÁNDEZ MEDINA, Sara",La inmortalización de la Castilla rural del siglo XX en la novela de Miguel Delibes: Historia de un éxodo,Texas Tech,Pérez,2007,Spain,Novel / Short Story,NA
"GONZÁLEZ-ALLENDE, Iker",Género y nación en la narrativa vasca durante la Guerra Civil Española,Illinois,Delgado,2007,Spain,Novel / Short Story,NA
"GOODIN, Donna",Writing as Recon- stitutive Act: Healing and Self-Expression in Early Spanish Women’s Writing,Michigan State,Snow and Quispe-Agnoli,2007,Spain,Multi-Generic,NA
"HAN, Heeju",Galdosian Novéis Adapted in Film and Televisión: 1970-1998,Indiana,Bieder,2007,Spain,Novel / Short Story,NA
"KEBADZE, Niño",Fictions of Surrender: Romance and Exemplarity in Post-War Spanish Women's Narratives,Kentucky,Rueda,2007,Spain,Novel / Short Story,NA
"KEMPEN, Mary Ann",Concepts of the Nation and Nationalism in Benito Pérez Galdós’s Episodios nacionales,Wisconsin,Blanco,2007,Spain,Novel / Short Story,NA
"LORENZO, María Dolores",Sensibilidad melodramática y metamelodrama en Galdós y Almodóvar,Nebraska,Turner / Nickel,2007,Spain,Multigeneric,NA
"MORILLO, María Dolores",Anomalías dramáticas en el teatro cómico de Cervantes,Columbia,Forcione,2007,Spain,Drama,NA
"NELSON, Benjamín",Tending to an Empire: The Spanish Pastoral Novel as Reflection of Imperial Spain,Chicago,De Armas,2007,Spain,Novel / Short Story,NA
"NÚÑEZ-BARGUENO,Natalia","Barcelona múltiple:	Transformaciones urbanas, ciudadanos, visitantes e inmigrantes De “ciudad condal” vencida a urbe postolím­pica",SUNY Stony Brook,Flesler,2007,Spain,Novel/Short Story,NA
"PARDO BALLESTER, Trinidad","Flamenco: Orientalismo, exotismo y la identidad nacional española",Georgetown,Yarza,2007,Spain,Other,NA
"PUGLISI, Anthony Mark","Self and the Alpujarras Uprising of 1568: Hurtado de Mendoza, Mármol Carvajal, and Pérez de Hita",Comell,Garcés,2007,Spain,Multi-Generic,NA
"RODRÍGUEZ-RODRÍGUEZ, Ana María","La representación de las relaciones hispano-musulmanas en tres obras del siglo XVII: Topographía e historia general de Argel, Cautiverio y trabajos de Diego Galván e Historia de Mindanao y Joló",Wisconsin,Hutchinson,2007,Spain,Multigeneric,NA
"SCHREIBER, Amy Denise",The Structural and Thematic Integrity of Diego de San Pedro’s Cárcel de Amor,Texas,Zimic,2007,Spain,Novel/Short Story,NA
"SHUGER, Dale Rachel",A Thousand and One Quijotes: Madness in Life and Literature in Early Modem Spain,New York,Dopico Black,2007,Spain,Multi-Generic,NA
"SKUPAS, Danielle Payne McCall",Contesting Francoist Domestic Ideology: Carmen de Icaza’s Mothers and Daughters,Wisconsin,Blanco,2007,Spain,Novel / Short Story,NA
"TOWNSEND, Tamara",Memory in the Narrative of Soledad Puértolas,Ohio State,Summerhill,2007,Spain,Novel / Short Story,NA
"AGUDELO, Pilar",Edición crítica y ano­tada de Inocencia de Francisco de Paula Rendón,"California, Riverside",Williams,2007,Spanish America,Novel / Short Story,NA
"BIEL, Cindy","Sueño, deseo y obsesión: Teorías pisco-analíticas y representación",Temple,Morell,2007,Spanish America,Novel/Short Story,NA
"BIRDSONG, Jeffrey Lyman",Language and Ideology in the Poetry of José Emilio Pacheco,North Carolina,Rivero,2007,Spanish America,Poetry,NA
"BRIAN, Amber Elise","Dual Identities: Colonial Subjectivities in Seventeenth- Century New Spain, Don Carlos de Sigüenza y Góngora and Don Femando de Alva Ixtlilxochitl",Wisconsin,Zamora,2007,Spanish America,Multigeneric,NA
"BUENO, Fernanda Vítor","The Myth of Camila O’Gorman in the Works of Juana Manuela Gorriti, María Luisa Bemeberg, and Enrique Molina",Texas,Fierro,2007,Spanish America,Poetry,NA
"CELIS, Nadia","La rebelión de las niñas: Cuerpos, poder y subjetividad en la representación de niñas y adolescentes por escritoras del Caribe hispano",Rutgers,Narváez,2007,Spanish America,Multigeneric,NA
"COLLAZO VÁZQUEZ, Judie",Historia y pasión: La narrativa de OlgaNolla,Texas Tech,Beard,2007,Spanish America,Novel/Short Story,NA
"DIAZ, Gloria del Carmen",José Lezama Lima’s Paradiso: Knowledge and the Labyrinth,Texas,Salgado,2007,Spanish America,Novel/Short Story,NA
"DISNEY, Louann",Theme and Structure in the Prose Writing of José Emilio Pacheco: Longing and Inquietude in the Postmodem Narrative,Texas Tech,J Pérez / G Pérez,2007,Spanish America,Novel / Short Story,NA
"ESCALLÓN, Eduardo",El discurso narrati­vo histórico en las novelas latinoamericas El otoño del patriarca de Gabriel García Márquez y El arco y la lira de Alejo Carpentier,Boston College,Rosser,2007,Spanish America,Novel/Short Story,NA
"FAUGHT, David Alian","Subversive Verse: Zurita, Lihn, Berenguer, and Post- Coup Chilean Poetry","California, Irvine",Sefami,2007,Spanish America,Poetry,NA
"GIMÉNEZ, Teresa",Relaciones textuales entre artistas y novelistas latinoamericanos,Temple,Morell,2007,Spanish America,Novel / Short Story,NA
"GÓMEZ, Antonio Daniel",El discurso latinoamericano del exilio: Extraterritoria­lidad y novela en Argentina y Cuba desde los años 70,Pittsburgh,Martin,2007,Spanish America,Novel / Short Story,NA
"GUTIÉRREZ, Pedro",La alquimia poética de Octavio Paz: (La) Gran Obra en trans­formación y movimiento,CUNY Gradú­ate Center,Gottlieb,2007,Spanish America,Poetry,NA
"HENLON, Sheree Alicia",The Black Pariah: Representations of Haiti and Haitians in 19th and 20th Centuries,Iowa,Méndez Rodenas,2007,Spanish America,Novel / Short Story,NA
"ILLAS, Edgar",The Euphoric Politics of Postmodem Barcelona,Duke,Vilarós,2007,Spanish America,Multigeneric,NA
"LANDRUS, Vanesa",La prensa femenina argentina del siglo XIX y la constmcción de un imaginario nacional,Illinois,Meléndez,2007,Spanish America,Multigeneric,NA
"LÓPEZ, Margarita",Las voces subversivas en la novelística de Carmen Boullosa,"California, Irvine",Morales,2007,Spanish America,Novel / Short Story,NA
"LOZADA CERNA, María del Milagro",Evolución de la novela detectivesca británica a la dura norteamericana hasta la novela latinoamericana contemporánea,Temple,Morell,2007,Spanish America,Novel / Short Story,NA
"MARÍN CALDERÓN, Normon D",Borges <> Freud <> Lacan: Los senderos bifur­cados de Deseo,Purdue,Merrell,2007,Spanish America,Multigeneric,NA
"MELGAREJO ACOSTA, Maria del Pilar",El lenguaje de la regeneración: Producción del discurso político en Colombia y México,Pittsburgh,Lund,2007,Spanish America,Essay,NA
"MUYOLEMA-CALLE, Armando","Colonialismo y representación. Hacia una relectura de los discursos latinoamericanista, indigenista y clasista-étnico en los Andes del siglo XX",Pittsburgh,Beverly,2007,Spanish America,Multigeneric,NA
"NURIEL, Patricia Gabriela",Memoria e identidad en la novela judía latinoamericana contemporánea,Arizona State,Volele,2007,Spanish America,Novel / Short Story,NA
"ORTIZ, María Inés",La gastronomía como metáfora de la identidad en la literatura puertorriqueña del siglo XX,Cincinnati,Moreno,2007,Spanish America,Multigeneric,NA
"PEÑA, Beatriz",Imágenes del Nuevo Mundo en La relación de viaje (1599­1607) de Fray Diego de Ocaña,CUNY Gradúate Center,Chang-Rodríguez,2007,Spanish America,Chronicle,NA
"PUJOL, Eve G","Saber, género y poder en la narrativa mexicana contemporánea",Wisconsin,Podestá,2007,Spanish America,Novel / Short Story,NA
"RONDINEL, Sara",En cuerpo y alma: Metáforas de ciudadanía en la cultura peruana del siglo veinte,Stanford,Ruffmelli,2007,Spanish America,Other,NA
"SÁENZ DE VIGERA, Luis",Dena Ongi Dabil! Todo va dabuten!: Tensión y heterogeneidad de la cultura radical vasca en el límite del estado democrático (1978—),Duke,Vilarós,2007,Spanish America,Multigeneric,NA
"SANTIVAÑEZ, Roger",Enrique Lihn: Una poética del viaje,Temple,Galilea,2007,Spanish America,Poetry,NA
"SCHWIEZER, Federico R",Cristóbal Lozano’s Ideology in Soledades de la vida y desengaños del mundo,Texas,Zimic,2007,Spanish America,Novel/Short Story,NA
"SOROCK, Margery",Eligió Garcia y su aporte a la Nueva Narrativa Urbana en Colombia,CUNY,Filer,2007,Spanish America,Novel/Short Story,NA
"TALLEY, Virginia Bumice","Hybridity in the Novéis of José Donoso, Severo Sarduy, Diamela Eltit, and Pedro Lemebel",Virginia,Pellón,2007,Spanish America,Novel / Short Story,NA
"TEIPE, William Austin, Jr","Deconstructing Modernismo, Constructing Modemity","California, Irvine",Robbins,2007,Spanish America,Poetry,NA
"TSURUMI, Rebecca",The Closed Hand: Images of the Japanese in Modem Peruvian Literature,CUNY Gradúate Center,Reisz,2007,Spanish America,Multigeneric,NA
"VITULLO, Julieta",Fictions of a War: The Malvinas/Falklands War in Argentine Literature and Film,Rutgers,Montaldo,2007,Spanish America,Multigeneric,NA
"WARNER-AULT, Ann","Masked Men: Staging Identity in Mexican Experimental Prose, 1921-1929",Columbia,MacAdam,2007,Spanish America,Novel / Short Story,NA
"ZIGHELBOIM, Ari","Colonial Subjects, Colonial Objects: Cultural Strategies of the Inca Nobility in Viceregal Cuzco 1675-1825",Tulane,Charles,2007,Spanish America,Historiography,NA
"CASTILLÓN-TORRE, Catalina Teresa",Barroco y neobarroco en la literatura hispanoamericana y española contemporánea: Estudio de dos trayectorias: José Donoso y Álvaro Cunqueiro,Houston,Parkinson Zamora,2007,Trans-Atlantic,Multigeneric,NA
"GARCÍA SOORMALLY, Mina",Idolatry and the Construction of the Spanish Empire,Duke,Greer,2007,Trans-Atlantic,Multigeneric,NA
"GONZÁLEZ BARRETO, Óscar",Visualización de la marginalidad en el cine iberoamericano de fin de siglo,"California, Irvine",Navajas,2007,Trans-Atlantic,Multigeneric,NA
"HERNÁNDEZ DELGADO, Dilia","El tema del dolor en la obra poética de Garcilaso de la Vega, Gutiérrez de Celina, Diego de Mendoza, Lope de Vega y la madre Josefa del Castillo",Nebraska,Wilhelmsen,2007,Trans-Atlantic,Poetry,NA
"PÉREZ-LEAL, Pedro J","Literatura del VIH/SIDA: Enfermedad, cultura y metáfora",Georgetown,Kirkpatrick,2007,Trans-Atlantic,Novel / Short Story,NA
"PETTINAROLI, Elizabeth Marcela",Literary Emplacements: Choreography and Placemaking in the Early Modem Hispanic World,Virginia,Padrón,2007,Trans-Atlantic,Multigeneric,NA
"SABATE-LLOBERA, Nuria",Cuba's Literary Geography in Contemporary Catalan Narrative,Kentucky,Larson,2007,Trans-Atlantic,Novel / Short Story,NA
"AMEAL-PÉREZ, Alberto Jorge",En Babia: Una novela total,Houston,Kanellos,2007,United States,Novel / Short Story,NA
"ENSLEN, Joshua Alma",Embodying the Nation: Literature and Diplomacy in Brazil,Georgia,Quinlan,2008,Brazil,Multi-Generic,NA
"ABAD-MANCHEÑO, Alfonso",A Study of the Effect of Study Abroad and the Homestay on the Development of Linguistic and Interactional Practices by Spanish L2 Leamers,Texas,Koike,2008,Linguistics Spanish Linguistics,Spanish,Second Language Acquisition
"ALAMILLO REIG, María Asela",Nuil Object and Neuter “lo” in Peninsular and Mexican Spanish,Ohio State,Schwenter,2008,Linguistics Spanish Linguistics,Spanish,Theoretical
"APONTE MORENO, Marco A","Metaphors in Hugo Chávez’s Political Discourse:	Conceptualizing Nation, Revolution and Opposition",CUNY,Del Valle,2008,Linguistics Spanish Linguistics,Spanish,Sociolinguistic
"BROWN, Earl Kjar",A Usage-Based Account of Syllable- and Word-final /s/ Reduction in Four Dialects of Spanish,New México,Torres Cacoullos,2008,Linguistics Spanish Linguistics,Spanish,Theoretical
"BURGA, Alicia",Spanish Subjects,Illinois,Arregui-Urbina,2008,Linguistics Spanish Linguistics,Spanish,Múltiple Areas
"BURGO, Clara",Tense and Aspect Grammaticalization in Bilbao Spanish,"Illinois, Chicago",Cameron,2008,Linguistics Spanish Linguistics,Spanish,Sociolinguistic
"CARRASCO, Patricio",An Analysis of Voiced Stop Allophony in Costa Rican Spanish,Illinois,Hualde,2008,Linguistics Spanish Linguistics,Spanish,NA
"DUBORD, Elise M",Performing Bilin- gualism: An Ethnographic Analysis of Discursive Practices at a Day-Labor Center in the Southwest,Arizona,Carvalho,2008,Linguistics Spanish Linguistics,Spanish,Sociolinguistic
"FUENTES, Rocío M",The Discursive Construction of Intercultural Education in the Mexican Indigenous Context,Pittsburg,Kiesling,2008,Linguistics Spanish Linguistics,Spanish,Múltiple Areas
"GÓMEZ, Tania C",Descripción del acto de habla de la disculpa: Un análisis del habla colombiana,Minnesota,Ocampo,2008,Linguistics Spanish Linguistics,Spanish,Múltiple Areas
"HNAT, Ana María",Posesivos redun­dantes en el español de México y Estados Unidos,Houston,Gutiérrez,2008,Linguistics Spanish Linguistics,Spanish,Múltiple Areas
"HUBERT, Michael, D",The Relationship between Writing and Speaking in the US University Spanish-Language Classroom,Purdue,Hammond,2008,Linguistics Spanish Linguistics,Spanish,Second Language Acquisition
"JOVANOVIC, Ana",Student and Teacher Perceptions of Their Leaming Environ- ment,Purdue,Hammond,2008,Linguistics Spanish Linguistics,Spanish,Second Language Acquisition
"LOUREIRO-RODRÍGUEZ, Verónica",Language Attitudes and Valúes among Galician Adolescents,"California, Davis",Timm,2008,Linguistics Spanish Linguistics,Spanish,Múltiple Areas
"MAST, Douglas Wayne",The Effects of Contextual and Non-contextual Strategies on Spanish Vocabulary Acquisition by Middle School Students,Temple,Holmquist,2008,Linguistics Spanish Linguistics,Spanish,Second Language Acquisition
"MEJÍA GÓMEZ, Magdalena","Ándale, Apágale, Órale!: La(socio)pragmáticade la construcción “le” en el español mexi­cano",Ohio State,Schwenter,2008,Linguistics Spanish Linguistics,Spanish,Theoretical
"MURPHY, Mellisa Dae","The Role of Typological Drift in the Development of the Romance Subjunctive: A Study in Word Order Change, Grammaticalization and Synthesis",Texas,Hensey,2008,Linguistics Spanish Linguistics,Spanish,Other
"QUINTANILLA, José",The Pluralizaron of Spanish haber in Salvadoran Spanish: A Change in Progress?,Florida,Pharies,2008,Linguistics Spanish Linguistics,Spanish,Sociolinguistic
"SIMONET, Miguel",Language Contact in Majorca: An Experimental Socio- phonetic Approach,Illinois,Hualde,2008,Linguistics Spanish Linguistics,Múltiple Languages,Múltiple Areas
"VELAZQUEZ, María Isabel","Intergenerational Spanish Language Transmission: Attitudes, Motivations, and Linguistic Practices in Two Mexican-American Communities",Illinois,Escobar,2008,Linguistics Spanish Linguistics,Spanish,Múltiple Areas
"VIGIL, Donny A","The Traditional Spanish of Taos, New México: Acoustic, Phonetic and Phonological Analyses",Purdue,Hammond,2008,Linguistics Spanish Linguistics,Spanish,Múltiple Areas
"BAUGHER, Joyce","Feminist Vision: Visual Art, the Act of Writing, and the Female Body in the Novéis of Clarice Lispector, Lya Luñ, and Diamela Eltit",Tulane,Dunn,2008,Multi-Regional,Novel/Short Story,NA
"CARLSEN, George Arthur",The Novel in México and Brazil in the Age of Globalization and Information Tech­nology,"California, Riverside",Williams,2008,Multi-Regional,Novel/Short Story,NA
"DEL RIO, Irune",Errant Family Ties: Migratory Identities in Latina and Hispanic Female Cultural Products,Illinois,Goldman,2008,Multi-Regional,Multi-Generic,NA
"MÉNDEZ, Danny",In Zones of Contact (Combat): Dominican Narrad ves ofMigration and Displacements in the United States and Puerto Rico,Texas,Arroyo- Martínez,2008,Multi-Regional,Novel/Short Story,NA
"NASH, Lyle Scott",White Fears and Fantasies: Writing the Nation in Post- Abolition Brazil and Cuba,Rutgers,Stephens,2008,Multi-Regional,Essay,NA
"NASSER, Michelle","Tra(n)zando Identidades: Colombian Neighborhoods, Images, and Narratives from Narco- trafficking to Beauty Queens",Rutgers,Avelar,2008,Multi-Regional,Multi-Generic,NA
"NEWCOMB, Robert Patrick",Nuestra América: Brazil in the Late-Nineteenth and Early-Twentieth Century Intellectual Construction of Latin America,Brown,Vieira,2008,Multi-Regional,Essay,NA
"OSWALD, Frida","Literatura testimonial de las dictaduras: Argentina, Bolivia, Chile y Brasil, un estudio comparativo","California, Riverside",Antebi,2008,Multi-Regional,Multi-Generic,NA
"RUDOLPH, Jennifer","“Roncamos por­que podemos”: Racialization, Redemption, and Mascu-latinidad","Illinois, Chicago",Aparicio,2008,Multi-Regional,Multi-Generic,NA
"SADEK, Isis Marie-Gabrielle","Tierras, regiones y zonas políticas y poéticas de espacios no-urbanos en los sesenta en Brasil y Argentina",Duke,Nouzeilles,2008,Multi-Regional,Multi-Generic,NA
"VILLARROEL, Carolina A","La mujer mexicana ante el feminismo: nación, género, clase y raza en la literatura femenina del destierro (1910-1940)",Houston,Kanellos,2008,Multi-Regional,Other,NA
"ALVAREZ-GARCIA, José Ignacio",Mas- culinidad como espectáculo: Modernidad y consumismo en España (1898-1931),Illinois,Delgado,2008,Spain,Multi-Generic,NA
"ÁLVAREZ-MORENO, Raúl","Lenguaje, ideología y conflicto semántico en Castilla a finales del siglo XV: Hacia un estudio del significado como contienda y de sus consecuencias en Celestina",Michigan State,Snow,2008,Spain,Drama,NA
"BECK, Emily S",Waging War With Words: Idealized Gender and Iberian Chivalry,New York,Grieve,2008,Spain,Multi-Generic,NA
"BELLO-BRAVO, María Julia",Coexisten­cia de los diferentes discursos patriarcales y efectos desarrollados en la novela de escritoras de la Restauración: La moda como liberación de la mujer,Purdue,Sánchez-Llama,2008,Spain,Multi-Generic,NA
"BEZHANOVA, Olga",Spanish Bildungsroman in the Twentieth Century: Trajectory of the Genre,Yale,Valis,2008,Spain,Novel/Short Story,NA
"CAHILL, Paul","De(con)structive Devices: Post-Structuralism and Post-Marxism in Spanish Poetry, 1968-1972","California,Irvine",Aviles and Robbins,2008,Spain,Poetry,NA
"CANTELI VIGÓN, Marcos",Transitar el parpadeo: Seis poetas españoles,Duke,Dorfman,2008,Spain,Poetry,NA
"FERNÁNDEZ, María Ángeles",Tradición e inovación en las Novelas a Marcia Leonarda de Lope de Vega,Texas,Zimic,2008,Spain,Novel/Short Story,NA
"GÓMEZ-CASTELLANO, Irene",Máscaras y autorretratos: El yo poético en la poesía rococó española,Virginia,Gies,2008,Spain,Poetry,NA
"GUERRERO-PHLAUM, Martha Elva",Benefíts and Gifts: The Economy of Exchange in Spain’s Golden Age,"California, Irvine",Aviles,2008,Spain,Multi-Generic,NA
"LOMAS-SAMPEDRO, Esther",El Madrid postmodemo: Identidades en proceso de cambio en el postfranquismo,SUNY Stony Brook,Vemon,2008,Spain,Multi-Generic,NA
"MARTÍNEZ, Agustín Cuadrado",Las prácticas cotidianas castellanas: Hacia el imaginario cartográfico de Miguel Delibes,Arizona,Compitello,2008,Spain,Novel/Short Story,NA
"NEUMAYER, Kristin M",Index and Study of Plot Motifs in Some Spanish Libros de caballerías,Wisconsin,Corfis,2008,Spain,Novel/Short Story,NA
"PAOLINI, David","Las “Coplas de Mingo Revulgo ” Estudio preliminar, edición crí­tica y notas",CUNY,Di Camillo,2008,Spain,Poetry,NA
"PÉREZ-TORIBIO, Montserrat","Profession, Vocation or Duty? Economic Discourses of Woman’s Work in Golden Age Literature","Illinois, Chicago",Hemández- Pecoraro,2008,Spain,Multi-Generic,NA
"PICALLO, Marcia",Ecos de la influencia de Antonio de Guevara en la obra de John Lyly,CUNY,Lemer,2008,Spain,Other,NA
"SIMPSON, Catherine","The Persistence of Difference: Mythologies of Essentialism, the Anglophone World and Modem Spanish Cultural Identity",SUNY Stony Brook,Flesler,2008,Spain,Multi-Generic,NA
"VILLAMIL-ACERA, Rakhel",La construc­ción del diálogo teatral en el teatro cómico español (1898-1936): El discurso humanístico en el contexto social,"California, Berkeley",Azevedo and Dougherty,2008,Spain,Drama,NA
"YANG, Lucía J","La obra de Santa Teresa: La vida y las moradas. Una perspectiva taoista, confucionista y budista",Ohio State,Amell,2008,Spain,Historiography,NA
"ZACKIN, Jane Robin","A Jew and his Milieu: Allegory, Polemic, and Jewish Thought in Sem Tob’s Proverbios Morales and Ma’Aseh Ha Rav",Texas,Bailey,2008,Spain,Other,NA
"AZUAJE, Víctor",Sacrificio y retórica en José Antonio Ramos Sucre,Temple,Aldarondo,2008,Spanish America,Poetry,NA
"BATES, Lourdes",Materia inmortal: Ima­gen y palabra en libros de artista en México,"California, Irvine",Bruce-Novoa,2008,Spanish America,Other,NA
"BURK, Alexandria","Rewriting the Literary Realm: The Intellectual and Autobiographical Essays of Rosario Castellanos, Brianda Domecq, and Bárbara Jacobs",Boston College,Rosser,2008,Spanish America,Essay,NA
"CARLO, Senén E","Validación de metadiscursos científicos y filosóficos en la obra de Cambaceres, Darío y Lugones",Temple,Aldarondo,2008,Spanish America,Novel/Short Story,NA
"CARTE, RebeccaAnn",Framing Frontiers: Landscape and Discourse in Baltasar de Obregón’ s Historia de los descubrimientos de Nueva España (1584),Ohio State,Ahem,2008,Spanish America,Novel/Short Story,NA
"DOVALPAGE, Teresa Caridad",De señora casera a jinetera: Imágenes de la mujer en la narrativa cubana del siglo XX y principios del XXI,New México,López,2008,Spanish America,Novel/Short Story,NA
"ELIAS, Olivia",Performing género y sexualidad en la narrativa de Rosina Conde y Rosario San Miguel,Arizona,Rivero,2008,Spanish America,Novel/Short Story,NA
"GARIBOTTO, Verónica","Contornos en negativo: Reescrituras posdictatoriales del Siglo XIX (Argentina, Chile y Uruguay)",Pittsburgh,Martin,2008,Spanish America,Multi-Generic,NA
"GONZÁLEZ DIETER, Gisela",Entre La Habana y la sábana: Límites de la topografía cultural dentro de la revolución cubana como un evento regido por la modernidad,Pittsburgh,Branche,2008,Spanish America,Poetry,NA
"GONZÁLEZ, Mabel",Manuel Bilbao y la primera novela histórica chilena Edición anotada de El inquisidor mayor,CUNY,Schwartz,2008,Spanish America,Novel/Short Story,NA
"HOWARD, Keith",The Reception and Translation of Machiavelli in Early Modern Spain,Virginia,Gerli,2008,Spanish America,Multi-Generic,NA
"LAHR-VIVAZ, Elena Elisabeth",Unconsummated Desires and the Fragmented Nation: Contemporary Latin American Film and Fiction,Penn,Alonso,2008,Spanish America,Multi-Generic,NA
"LANCTOT, Brendan Harrison",Literature and the Production of National Space in Nineteenth-Century Argentina,Columbia,Montaldo,2008,Spanish America,Multi-Generic,NA
"MADERA, Teonilda","Polifonía, corporei­dad y memoria en el universo poético de César Vallejo y de Blanca Varela",CUNY,Reisz,2008,Spanish America,Poetry,NA
"MARTÍNEZ, Eduardo Abud","La re-visión de la Historia en la ficción de mujeres latinoamericanas Isabel Allende, Giocon­da Belli, Carmen Boullosa y Ana Miranda",Arizona,Rivero,2008,Spanish America,Novel/Short Story,NA
"MARTÍNEZ, Guillermo","Mito, fábula y adivinación en “¡Oh Mío Yemay!” de Rómulo Lachataeré, “Cuentos negros de Cuba” de Lydia Cabrera y “Cuentos y leyendas negras de Cuba” de Ramón Guirao",CUNY,Chang-Rodríguez,2008,Spanish America,Novel/Short Story,NA
"MCDOWELL, Lila","The Utopian Impulse in Chilean and Mexican Novéis, 1990­2005","California, Riverside",Williams,2008,Spanish America,Novel/Short Story,NA
"MIRANDA-RECINOS, Gabriela","El espacio urbano en la novela de dos generaciones de México y Colombia Generación del Medio Siglo, Grupo Mito (1955-65) y Generación Noventa (1996­2006)","California, Riverside",Williams,2008,Spanish America,Novel/Short Story,NA
"MUTIS, Ana María",Voices that Kill: Violent Narrators in Contemporary Latin American Fiction,Virginia,Pellón,2008,Spanish America,Novel/Short Story,NA
"NEFTALÍ RECINOS, José",La novela postestimonial de México y Centro América (1994-2004),"California, Riverside",Williams,2008,Spanish America,Novel/Short Story,NA
"NOGAR, Anna María",La Monja Azul: The Political and Cultural Ramifications of a 17th Century Mystical Transatlantic Joumey,Texas,Salgado,2008,Spanish America,Novel/Short Story,NA
"OVANDO-KNUTSON, Cynthia María",Embodied Pain and Transformative Allegories in Four Latín American Novéis of Dictatorship,"California, Irvine",Guerro- Cunningham,2008,Spanish America,Novel/Short Story,NA
"PÉREZ, Rolando",The Pictorial Figure in the Work of Severo Sarduy,CUNY,Montero,2008,Spanish America,Novel/Short Story,NA
"QUEIRO, Luz","Imágenes de la mujer en la obra de Amelia Francasci, escritora dominicana del XIX",CUNY,Reisz,2008,Spanish America,Novel/Short Story,NA
"RAMÍREZ ARBALLO, Alejandro A",La poética de Olga Orozco como proyección estética del pensamiento moderno: Un modelo de doble lectura,Arizona,Rivero,2008,Spanish America,Poetry,NA
"REAGAN, Patricia Elaine","The Other “1”: The New Narcissism of Postmodemism First Person Non-Protagonist Narrators in Novéis by José Donoso, Elena Garro, Gabriel García Márquez and Mario Vargas Llosa",Virginia,Shaw,2008,Spanish America,Novel/Short Story,NA
"REDMOND, Erin Hilda",Square Pegs: The Political Function of Ambiguous Gender and Sexuality in Three Novéis from the Southern Cone,Texas,Lindstrom,2008,Spanish America,Novel/Short Story,NA
"RÍOS-SORIA, Olga",Políticas de transfor­mación y liberación social en la narrativa de Luis Humberto Crosthwaite,New México,López,2008,Spanish America,Novel/Short Story,NA
"RODRÍGUEZ, Rafael",Fuentes de la imaginación histórica en la narrativa de Marcio Veloz Maggiolo,CUNY,Filer,2008,Spanish America,Novel/Short Story,NA
"SAENZ-ROBY, Cecelia",La fundación de la nación en la narrativa de Juana Manuela Gorriti,Missouri,Olsen,2008,Spanish America,Novel/Short Story,NA
"SANTANA, Analola",Reapropiaciones de la cultura de masas por el teatro en Amé­rica Latina,"California, Irvine",Villegas,2008,Spanish America,Drama,NA
"SCHUSTER, CindyLee",Representaciones de ausencia: intersecciones de memoria y política en la ficción latinoamericana (1965-2005),"California, Irvine",Amar Sánchez,2008,Spanish America,Novel/Short Story,NA
"TORRES, José de Jesús","La tierra mexicana, la presencia de la mujer y el sentimiento amoroso en el espacio-tiempo de la narrativa Cristera","California, Irvine",Bruce-Novoa,2008,Spanish America,Novel/Short Story,NA
"TRELLES, Diego","La novela policial alternativa en Hispanoamérica: Detectives perdidos, asesinos ausentes y enigmas sin respuesta",Texas,Lindstrom,2008,Spanish America,Novel/Short Story,NA
"Vélez Rendón, Ana Patricia",Race and Class in Nineteenth Century Colombia: A Heterogeneous Representation of a Nation,Purdue,Stephenson and No,2008,Spanish America,Chronicle,NA
"VILLATE-ISAZA, Alberto",Escritura y disfraz: El caso de El Carnero de Juan Rodríguez Freile,Boston College,Beckjord,2008,Spanish America,Historiography,NA
"ZARAGOZA, Socorro","Church, State, and Literature: Constructing the Affo-Female Body in Colonial México",Purdue,Stephenson,2008,Spanish America,Multi-Generic,NA
"BOISSET-BRINDLE, Rosa María",Los Andes y España en la dramaturgia quechua-colonial,Purdue,Mancing,2008,Trans-Atlantic,Drama,NA
"CABALLERO ROCA, Gloria Alicia","Allegory, History and Fiction in the Works of Alejo Carpentier and José Saramago",Massachusetts,Orneias,2008,Trans-Atlantic,Novel/Short Story,NA
"DÍAZ REATEGUI, Karen","EI Bildungsroman posnacional y la influencia de los medios audiovisuales: Globalización, hiperrealidad y dehistorización en la novela de la generación X/McOndo",Arizona State,Foster,2008,Trans-Atlantic,Novel/Short Story,NA
"NAJERA, Luna","Writing Empire, Justifying War: Roy al Censorship of Texts by Sepúlveda and Bemal Díaz del Castillo",Comell,Garcés,2008,Trans-Atlantic,Multi-Generic,NA
"PASCUCCI, Michele Marie",Entre México y Asia: Imagen y poesía en la obra de José Juan Tablada,Salamanca,García Bermejo Giner,2008,Trans-Atlantic,Poetry,NA
"SANTANA, Miguel Ángel",Homometrías: Representaciones de deseo homosexual en la literatura del Siglo de Oro español,Texas,Reed,2008,Trans-Atlantic,Multi-Generic,NA
"WONG, Yee-Lam Mariela",Libertadores y locos: Los héroes en la imaginación de la literatura hispánica finisecular del siglo XIX,SUNY Stony Brook,"Roncero- López, Victoriano",2008,Trans-Atlantic,Multi-Generic,NA
"ZINNI, Mariana",El descubrimiento de América y la invención de un nuevo espacio hermenêutico: Las alternativas de la mimesis y el surgimiento de una modernidad contaminada,Pittsburgh,Herlinghaus,2008,Trans-Atlantic,Multi-Generic,NA
"BÁEZ-SMITH, Nalda R","The Exile Experience: Social Class, Language, Gender Roles, and Identity in Selected Texts of Julia Alvarez, Loida Maritza Pérez, Junot Díaz:	Dominican-American Writers",Purdue,Stinchcomb,2008,United States,United States,NA
"BLAUMAN, Wendy","Language and Border Crossings in the Works of Julia Alvarez: Identity, Homeland, Education, and Orality",CUNY,Reisz,2008,United States,United States,NA
"NOEL, Tomás Urayoan","NYPR Blues: Experimentalism, Performance, and the Articulation of Diaspora in Nuyorican Poetry",New York,Aching,2008,United States,Poetry,NA
